{"cameraMode":{"drawMode":0,"name":"Shaded","section":"Shading Mode"},"sceneLighting":false,"audioPlay":false,"sceneViewState":{"m_AlwaysRefresh":false,"showFog":true,"showSkybox":false,"showFlares":true,"showImageEffects":true,"showParticleSystems":true,"showVisualEffectGraphs":true,"m_FxEnabled":true},"in2DMode":false,"pivot":{"x":0.009000003337860108,"y":0.12399999797344208,"z":0.14800000190734864},"rotation":{"x":-0.002082357183098793,"y":0.9969989061355591,"z":-0.07250906527042389,"w":-0.028406454250216485},"size":0.1556859314441681,"orthographic":true}