{"cameraMode":{"drawMode":0,"name":"Shaded","section":"Shading Mode"},"sceneLighting":true,"audioPlay":false,"sceneViewState":{"m_AlwaysRefresh":false,"showFog":true,"showSkybox":true,"showFlares":true,"showImageEffects":true,"showParticleSystems":true,"showVisualEffectGraphs":true,"m_FxEnabled":true},"in2DMode":false,"pivot":{"x":606.5443115234375,"y":132.47732543945313,"z":-56.107635498046878},"rotation":{"x":0.0149996317923069,"y":-0.01051324512809515,"z":0.00014621838636230677,"w":0.9998523592948914},"size":1199.5015869140625,"orthographic":false}