{"cameraMode":{"drawMode":0,"name":"Shaded","section":"Shading Mode"},"sceneLighting":false,"audioPlay":false,"sceneViewState":{"m_AlwaysRefresh":false,"showFog":true,"showSkybox":false,"showFlares":true,"showImageEffects":true,"showParticleSystems":true,"showVisualEffectGraphs":true,"m_FxEnabled":true},"in2DMode":false,"pivot":{"x":0.5690000057220459,"y":0.0010000000474974514,"z":1.2109999656677247},"rotation":{"x":0.040838923305273059,"y":0.8998402953147888,"z":-0.4257212281227112,"w":0.08640589565038681},"size":0.8346697688102722,"orthographic":true}